{
  "engine": "leveled",
  "workload": "shift",
  "num_keys": 1000000,
  "value_size": 256,
  "write_amplification": 2.4162621037037035,
  "read_amplification": 6.988604,
  "space_amplification": 1.0167575833333333,
  "compaction_count": 2,
  "total_duration_sec": 88.457591956,
  "logical_bytes": 405000000,
  "physical_bytes": 978586152,
  "total_reads": 3000000,
  "segment_scans": 20965812,
  "live_data_bytes": 276000000,
  "total_disk_bytes": 280625093,
  "phases": [
    {
      "name": "write",
      "duration_sec": 17.567583596,
      "wa": 1.0394362407407407,
      "ra": 0
    },
    {
      "name": "read",
      "duration_sec": 23.48272397,
      "wa": 1.0394362407407407,
      "ra": 6.988604
    },
    {
      "name": "write2",
      "duration_sec": 7.609802518,
      "wa": 1.0394363555555555,
      "ra": 0
    }
  ]
}